NomeProduto,Categoria,Preco,SexoCliente,Tamanho,EstacaoAno,CorProduto
JaquetaCouro,Jaquetas,292,F,42,Inverno,Marrom
BlusaRegata,Blusas,347,F,44,Primavera,Azul
BlusaRegata,Blusas,165,F,38,Outono,Preto
BotasWinter,Sapatos,350,M,42,Outono,Branco
BotasWinter,Sapatos,367,M,42,Primavera,Verde
BlusaRegata,Blusas,326,M,38,Verão,Rosa
BlusaRegata,Blusas,274,M,42,Primavera,Verde
BotasWinter,Sapatos,106,F,42,Primavera,Vermelho
SapatoSocial,Sapatos,354,F,40,Primavera,Marrom
BermudaMoletom,Bermudas,311,F,40,Verão,Amarelo
BermudaMoletom,Bermudas,231,F,40,Inverno,Azul
BlusaRegata,Blusas,109,F,44,Inverno,Vermelho
JaquetaCouro,Jaquetas,400,M,44,Verão,Preto
SapatoSocial,Sapatos,340,M,44,Primavera,Preto
BermudaMoletom,Bermudas,222,M,42,Verão,Vermelho
BlusaRegata,Blusas,128,F,44,Verão,Branco
TênisEsportivo,Sapatos,291,M,38,Outono,Preto
BlusaRegata,Blusas,314,F,42,Primavera,Amarelo
BermudaMoletom,Bermudas,254,F,38,Inverno,Marrom
BlusaRegata,Blusas,155,M,42,Primavera,Branco
JaquetaCouro,Jaquetas,367,F,44,Inverno,Marrom
BlusaRegata,Blusas,186,M,38,Verão,Preto
JaquetaCouro,Jaquetas,207,M,44,Verão,Branco
BlusaRegata,Blusas,363,M,44,Verão,Azul
BlusaRegata,Blusas,124,M,42,Outono,Amarelo
JaquetaCouro,Jaquetas,235,F,44,Verão,Preto
BotasWinter,Sapatos,125,M,44,Verão,Verde
JaquetaCouro,Jaquetas,223,M,44,Primavera,Branco
BermudaMoletom,Bermudas,121,M,38,Inverno,Branco
BlusaRegata,Blusas,318,M,42,Inverno,Amarelo
JaquetaCouro,Jaquetas,159,M,38,Inverno,Preto
JaquetaCouro,Jaquetas,248,M,40,Outono,Marrom
JaquetaCouro,Jaquetas,271,F,42,Outono,Preto
TênisEsportivo,Sapatos,140,M,40,Primavera,Marrom
JaquetaCouro,Jaquetas,301,M,38,Inverno,Vermelho
SapatoSocial,Sapatos,241,M,40,Primavera,Preto
JaquetaCouro,Jaquetas,176,F,40,Verão,Marrom
BermudaMoletom,Bermudas,292,F,38,Primavera,Amarelo
BermudaMoletom,Bermudas,247,M,44,Verão,Vermelho
BermudaMoletom,Bermudas,343,M,40,Inverno,Vermelho
TênisEsportivo,Sapatos,300,M,38,Verão,Vermelho
BotasWinter,Sapatos,371,F,42,Verão,Verde
BlusaRegata,Blusas,280,F,44,Verão,Branco
BlusaRegata,Blusas,342,F,40,Inverno,Rosa
BermudaMoletom,Bermudas,256,F,44,Outono,Azul
BlusaRegata,Blusas,307,F,42,Outono,Marrom
BlusaRegata,Blusas,383,M,42,Inverno,Rosa
JaquetaCouro,Jaquetas,295,M,40,Outono,Verde
BotasWinter,Sapatos,252,M,40,Outono,Marrom
TênisEsportivo,Sapatos,258,M,44,Primavera,Branco
BermudaMoletom,Bermudas,216,M,44,Inverno,Vermelho
JaquetaCouro,Jaquetas,215,F,38,Inverno,Amarelo
BlusaRegata,Blusas,345,M,40,Primavera,Azul
JaquetaCouro,Jaquetas,326,F,42,Verão,Rosa
JaquetaCouro,Jaquetas,136,F,40,Inverno,Preto
JaquetaCouro,Jaquetas,170,F,40,Verão,Azul
JaquetaCouro,Jaquetas,118,M,44,Verão,Verde
BermudaMoletom,Bermudas,233,F,38,Verão,Marrom
BlusaRegata,Blusas,283,F,44,Outono,Verde
BlusaRegata,Blusas,260,M,38,Inverno,Marrom
BlusaRegata,Blusas,196,M,38,Inverno,Branco
JaquetaCouro,Jaquetas,115,F,38,Outono,Marrom
BlusaRegata,Blusas,117,F,40,Inverno,Rosa
BlusaRegata,Blusas,254,M,44,Inverno,Vermelho
BermudaMoletom,Bermudas,252,F,40,Outono,Preto
JaquetaCouro,Jaquetas,107,M,40,Verão,Marrom
BermudaMoletom,Bermudas,157,F,38,Outono,Rosa
BlusaRegata,Blusas,194,F,42,Inverno,Marrom
BotasWinter,Sapatos,196,F,38,Primavera,Amarelo
BlusaRegata,Blusas,279,F,38,Inverno,Vermelho
BlusaRegata,Blusas,134,F,40,Outono,Marrom
JaquetaCouro,Jaquetas,292,M,42,Inverno,Azul
BlusaRegata,Blusas,264,F,44,Primavera,Verde
JaquetaCouro,Jaquetas,110,M,44,Verão,Rosa
JaquetaCouro,Jaquetas,274,F,38,Primavera,Marrom
BlusaRegata,Blusas,272,M,40,Verão,Marrom
TênisEsportivo,Sapatos,374,F,42,Inverno,Rosa
BotasWinter,Sapatos,319,F,40,Verão,Preto
BotasWinter,Sapatos,117,F,42,Inverno,Rosa
SapatoSocial,Sapatos,162,F,38,Outono,Preto
BotasWinter,Sapatos,213,M,38,Inverno,Verde
BotasWinter,Sapatos,157,F,44,Inverno,Branco
BermudaMoletom,Bermudas,312,F,40,Inverno,Azul
JaquetaCouro,Jaquetas,381,M,38,Verão,Verde
BlusaRegata,Blusas,297,M,38,Primavera,Vermelho
SapatoSocial,Sapatos,294,M,44,Verão,Azul
BermudaMoletom,Bermudas,241,M,38,Primavera,Vermelho
TênisEsportivo,Sapatos,323,M,44,Outono,Rosa
SapatoSocial,Sapatos,111,M,40,Inverno,Rosa
BlusaRegata,Blusas,239,F,42,Inverno,Verde
BermudaMoletom,Bermudas,280,M,38,Primavera,Verde
BermudaMoletom,Bermudas,286,F,40,Outono,Verde
JaquetaCouro,Jaquetas,107,F,38,Verão,Verde
SapatoSocial,Sapatos,110,M,40,Inverno,Preto
BlusaRegata,Blusas,124,M,40,Primavera,Vermelho
BlusaRegata,Blusas,181,F,42,Verão,Azul
TênisEsportivo,Sapatos,272,F,42,Outono,Branco
JaquetaCouro,Jaquetas,224,M,38,Primavera,Vermelho
JaquetaCouro,Jaquetas,342,M,44,Inverno,Preto
JaquetaCouro,Jaquetas,139,M,38,Primavera,Branco
BermudaMoletom,Bermudas,108,M,40,Primavera,Vermelho
SapatoSocial,Sapatos,341,M,38,Primavera,Vermelho
JaquetaCouro,Jaquetas,385,F,38,Outono,Amarelo
JaquetaCouro,Jaquetas,180,F,40,Inverno,Azul
JaquetaCouro,Jaquetas,348,M,38,Inverno,Amarelo
BlusaRegata,Blusas,127,F,44,Primavera,Marrom
BermudaMoletom,Bermudas,383,F,38,Inverno,Preto
TênisEsportivo,Sapatos,322,M,42,Primavera,Azul
BlusaRegata,Blusas,358,M,42,Verão,Verde
BlusaRegata,Blusas,303,F,44,Inverno,Amarelo
TênisEsportivo,Sapatos,128,F,42,Verão,Rosa
BermudaMoletom,Bermudas,151,F,38,Inverno,Branco
BlusaRegata,Blusas,220,M,38,Verão,Marrom
BlusaRegata,Blusas,106,F,40,Outono,Amarelo
SapatoSocial,Sapatos,315,M,38,Verão,Verde
BermudaMoletom,Bermudas,330,M,38,Inverno,Azul
BotasWinter,Sapatos,335,F,40,Verão,Vermelho
BotasWinter,Sapatos,278,M,42,Primavera,Branco
BlusaRegata,Blusas,278,M,40,Primavera,Azul
BotasWinter,Sapatos,309,M,38,Outono,Rosa
BlusaRegata,Blusas,288,M,42,Primavera,Vermelho
JaquetaCouro,Jaquetas,361,M,40,Outono,Azul
BermudaMoletom,Bermudas,240,M,44,Primavera,Verde
JaquetaCouro,Jaquetas,333,F,42,Verão,Preto
BlusaRegata,Blusas,295,F,38,Primavera,Azul
BotasWinter,Sapatos,272,F,42,Outono,Azul
JaquetaCouro,Jaquetas,238,M,38,Outono,Preto
BermudaMoletom,Bermudas,155,M,38,Primavera,Verde
BotasWinter,Sapatos,309,F,42,Inverno,Azul
BlusaRegata,Blusas,129,M,40,Primavera,Azul
BermudaMoletom,Bermudas,139,M,38,Outono,Preto
JaquetaCouro,Jaquetas,292,F,42,Verão,Amarelo
TênisEsportivo,Sapatos,108,M,44,Outono,Amarelo
BermudaMoletom,Bermudas,360,M,42,Verão,Marrom
JaquetaCouro,Jaquetas,314,M,44,Inverno,Azul
BermudaMoletom,Bermudas,327,M,42,Inverno,Marrom
BlusaRegata,Blusas,102,M,38,Primavera,Vermelho
BermudaMoletom,Bermudas,100,M,42,Primavera,Rosa
BermudaMoletom,Bermudas,386,F,42,Primavera,Verde
BotasWinter,Sapatos,387,M,38,Verão,Branco
BlusaRegata,Blusas,204,F,38,Inverno,Azul
SapatoSocial,Sapatos,323,M,42,Outono,Verde
BotasWinter,Sapatos,310,M,42,Inverno,Preto
JaquetaCouro,Jaquetas,253,M,42,Primavera,Azul
BlusaRegata,Blusas,365,F,42,Outono,Rosa
SapatoSocial,Sapatos,149,F,42,Outono,Preto
BlusaRegata,Blusas,267,M,44,Inverno,Branco
BermudaMoletom,Bermudas,400,M,42,Inverno,Azul
BlusaRegata,Blusas,348,F,44,Inverno,Azul
BlusaRegata,Blusas,262,M,42,Outono,Verde
JaquetaCouro,Jaquetas,212,M,44,Primavera,Marrom
BotasWinter,Sapatos,372,F,38,Verão,Branco
BermudaMoletom,Bermudas,178,F,40,Outono,Amarelo
BermudaMoletom,Bermudas,198,F,40,Outono,Preto
BermudaMoletom,Bermudas,274,F,38,Outono,Vermelho
BotasWinter,Sapatos,168,M,44,Verão,Amarelo
JaquetaCouro,Jaquetas,381,F,44,Inverno,Vermelho
JaquetaCouro,Jaquetas,166,F,40,Primavera,Marrom
JaquetaCouro,Jaquetas,135,M,44,Outono,Marrom
BermudaMoletom,Bermudas,195,F,38,Outono,Amarelo
BlusaRegata,Blusas,330,F,42,Outono,Vermelho
BermudaMoletom,Bermudas,101,F,40,Inverno,Vermelho
TênisEsportivo,Sapatos,398,F,38,Outono,Vermelho
BotasWinter,Sapatos,278,M,40,Primavera,Amarelo
JaquetaCouro,Jaquetas,247,M,38,Inverno,Marrom
BlusaRegata,Blusas,235,F,38,Inverno,Marrom
BermudaMoletom,Bermudas,314,M,38,Primavera,Rosa
TênisEsportivo,Sapatos,192,F,42,Outono,Vermelho
BlusaRegata,Blusas,247,F,42,Inverno,Vermelho
JaquetaCouro,Jaquetas,299,M,44,Inverno,Branco
JaquetaCouro,Jaquetas,325,M,42,Outono,Preto
SapatoSocial,Sapatos,263,M,42,Primavera,Preto
BotasWinter,Sapatos,118,M,38,Verão,Preto
BermudaMoletom,Bermudas,388,M,38,Verão,Vermelho
BermudaMoletom,Bermudas,342,F,40,Outono,Verde
BlusaRegata,Blusas,346,M,42,Outono,Verde
BermudaMoletom,Bermudas,126,F,42,Primavera,Vermelho
BlusaRegata,Blusas,248,F,40,Verão,Vermelho
SapatoSocial,Sapatos,172,M,38,Primavera,Amarelo
JaquetaCouro,Jaquetas,297,M,40,Verão,Azul
BlusaRegata,Blusas,393,M,42,Verão,Rosa
JaquetaCouro,Jaquetas,199,M,44,Outono,Verde
BermudaMoletom,Bermudas,176,M,42,Primavera,Preto
BlusaRegata,Blusas,353,M,44,Outono,Amarelo
SapatoSocial,Sapatos,299,F,42,Primavera,Amarelo
BermudaMoletom,Bermudas,289,F,38,Verão,Azul
BotasWinter,Sapatos,215,F,42,Verão,Preto
JaquetaCouro,Jaquetas,243,F,42,Inverno,Amarelo
BlusaRegata,Blusas,398,M,44,Primavera,Vermelho
JaquetaCouro,Jaquetas,143,F,40,Outono,Azul
BotasWinter,Sapatos,197,F,42,Outono,Vermelho
JaquetaCouro,Jaquetas,211,F,44,Primavera,Amarelo
BermudaMoletom,Bermudas,256,M,44,Primavera,Azul
BlusaRegata,Blusas,290,F,42,Primavera,Vermelho
TênisEsportivo,Sapatos,294,F,40,Primavera,Rosa
JaquetaCouro,Jaquetas,136,F,44,Inverno,Verde
TênisEsportivo,Sapatos,332,M,42,Inverno,Vermelho
JaquetaCouro,Jaquetas,297,M,40,Primavera,Azul
BlusaRegata,Blusas,339,F,40,Outono,Vermelho
BermudaMoletom,Bermudas,203,F,40,Outono,Marrom
BermudaMoletom,Bermudas,233,M,44,Inverno,Vermelho
BermudaMoletom,Bermudas,115,F,44,Verão,Rosa
BlusaRegata,Blusas,216,F,40,Inverno,Verde
BermudaMoletom,Bermudas,235,F,40,Inverno,Rosa
BermudaMoletom,Bermudas,173,M,40,Outono,Preto
BlusaRegata,Blusas,132,F,38,Primavera,Branco
JaquetaCouro,Jaquetas,334,M,38,Inverno,Vermelho
BermudaMoletom,Bermudas,208,F,38,Verão,Amarelo
BermudaMoletom,Bermudas,381,F,42,Primavera,Marrom
BotasWinter,Sapatos,398,F,42,Primavera,Azul
TênisEsportivo,Sapatos,113,F,38,Outono,Azul
BlusaRegata,Blusas,310,F,44,Primavera,Marrom
BlusaRegata,Blusas,149,F,38,Inverno,Marrom
BlusaRegata,Blusas,117,F,38,Verão,Verde
JaquetaCouro,Jaquetas,223,M,42,Verão,Branco
BlusaRegata,Blusas,312,F,38,Verão,Verde
JaquetaCouro,Jaquetas,173,M,38,Verão,Amarelo
SapatoSocial,Sapatos,347,M,38,Verão,Rosa
SapatoSocial,Sapatos,378,F,44,Verão,Branco
BlusaRegata,Blusas,260,F,42,Verão,Rosa
BotasWinter,Sapatos,212,M,38,Inverno,Verde
JaquetaCouro,Jaquetas,220,M,38,Outono,Branco
SapatoSocial,Sapatos,121,F,44,Primavera,Preto
TênisEsportivo,Sapatos,171,M,40,Primavera,Vermelho
JaquetaCouro,Jaquetas,384,F,38,Inverno,Preto
BermudaMoletom,Bermudas,333,M,40,Verão,Rosa
BlusaRegata,Blusas,346,M,38,Primavera,Rosa
JaquetaCouro,Jaquetas,112,F,44,Verão,Amarelo
BlusaRegata,Blusas,372,F,44,Verão,Amarelo
BlusaRegata,Blusas,395,F,44,Primavera,Amarelo
BotasWinter,Sapatos,391,F,40,Inverno,Rosa
JaquetaCouro,Jaquetas,269,F,42,Outono,Verde
BlusaRegata,Blusas,195,F,42,Inverno,Branco
JaquetaCouro,Jaquetas,213,F,38,Verão,Preto
JaquetaCouro,Jaquetas,277,M,42,Inverno,Vermelho
BotasWinter,Sapatos,389,F,40,Primavera,Azul
SapatoSocial,Sapatos,149,M,38,Outono,Preto
BermudaMoletom,Bermudas,310,F,40,Outono,Verde
SapatoSocial,Sapatos,260,M,44,Inverno,Preto
BermudaMoletom,Bermudas,393,F,40,Primavera,Marrom
SapatoSocial,Sapatos,299,F,40,Verão,Amarelo
BotasWinter,Sapatos,389,F,44,Verão,Rosa
BlusaRegata,Blusas,103,M,44,Primavera,Amarelo
BlusaRegata,Blusas,254,M,40,Primavera,Branco
TênisEsportivo,Sapatos,387,F,44,Verão,Rosa
SapatoSocial,Sapatos,331,F,42,Primavera,Branco
JaquetaCouro,Jaquetas,158,F,42,Inverno,Azul
BotasWinter,Sapatos,327,M,42,Outono,Vermelho
JaquetaCouro,Jaquetas,103,F,38,Verão,Rosa
TênisEsportivo,Sapatos,166,M,38,Outono,Vermelho
SapatoSocial,Sapatos,142,M,44,Primavera,Verde
TênisEsportivo,Sapatos,170,F,38,Verão,Marrom
TênisEsportivo,Sapatos,332,M,38,Verão,Amarelo
BlusaRegata,Blusas,278,F,38,Verão,Vermelho
BermudaMoletom,Bermudas,227,M,38,Primavera,Verde
BlusaRegata,Blusas,158,M,44,Outono,Amarelo
JaquetaCouro,Jaquetas,200,F,38,Verão,Branco
BermudaMoletom,Bermudas,170,M,38,Outono,Vermelho
BermudaMoletom,Bermudas,114,M,40,Inverno,Preto
BermudaMoletom,Bermudas,359,M,38,Inverno,Vermelho
SapatoSocial,Sapatos,242,M,38,Verão,Preto
BermudaMoletom,Bermudas,206,F,38,Primavera,Amarelo
BlusaRegata,Blusas,223,F,40,Inverno,Amarelo
BlusaRegata,Blusas,367,F,38,Outono,Rosa
TênisEsportivo,Sapatos,317,F,44,Inverno,Amarelo
JaquetaCouro,Jaquetas,341,F,44,Outono,Amarelo
JaquetaCouro,Jaquetas,186,M,38,Outono,Marrom
JaquetaCouro,Jaquetas,363,M,44,Outono,Branco
JaquetaCouro,Jaquetas,273,F,38,Outono,Amarelo
JaquetaCouro,Jaquetas,124,M,40,Primavera,Amarelo
TênisEsportivo,Sapatos,220,F,38,Outono,Branco
BlusaRegata,Blusas,397,F,38,Inverno,Branco
BermudaMoletom,Bermudas,395,M,44,Inverno,Vermelho
JaquetaCouro,Jaquetas,335,M,44,Primavera,Azul
BlusaRegata,Blusas,181,F,38,Inverno,Preto
BlusaRegata,Blusas,115,F,40,Inverno,Vermelho
JaquetaCouro,Jaquetas,169,M,44,Primavera,Verde
BermudaMoletom,Bermudas,109,M,42,Outono,Azul
JaquetaCouro,Jaquetas,113,F,42,Verão,Preto
JaquetaCouro,Jaquetas,210,M,38,Outono,Verde
JaquetaCouro,Jaquetas,228,F,42,Primavera,Amarelo
JaquetaCouro,Jaquetas,201,F,44,Outono,Marrom
JaquetaCouro,Jaquetas,230,M,42,Primavera,Amarelo
BermudaMoletom,Bermudas,368,M,42,Outono,Vermelho
BlusaRegata,Blusas,131,F,38,Primavera,Amarelo
BermudaMoletom,Bermudas,197,F,42,Outono,Amarelo
JaquetaCouro,Jaquetas,231,M,42,Outono,Branco
BlusaRegata,Blusas,161,M,40,Inverno,Marrom
BermudaMoletom,Bermudas,315,F,38,Primavera,Verde
JaquetaCouro,Jaquetas,182,M,38,Verão,Marrom
JaquetaCouro,Jaquetas,329,F,40,Inverno,Rosa
JaquetaCouro,Jaquetas,165,M,42,Verão,Azul
BermudaMoletom,Bermudas,315,F,40,Inverno,Rosa
BotasWinter,Sapatos,107,F,40,Verão,Amarelo
BermudaMoletom,Bermudas,217,F,42,Outono,Preto
BlusaRegata,Blusas,364,M,38,Inverno,Rosa
BermudaMoletom,Bermudas,185,F,38,Verão,Marrom
BlusaRegata,Blusas,150,M,44,Inverno,Verde
JaquetaCouro,Jaquetas,366,F,42,Verão,Vermelho
JaquetaCouro,Jaquetas,103,M,40,Inverno,Azul
JaquetaCouro,Jaquetas,343,M,40,Inverno,Azul
BermudaMoletom,Bermudas,153,F,42,Primavera,Rosa
JaquetaCouro,Jaquetas,125,M,40,Inverno,Azul
BlusaRegata,Blusas,174,F,38,Primavera,Branco
BlusaRegata,Blusas,302,M,44,Primavera,Rosa
JaquetaCouro,Jaquetas,166,M,40,Outono,Marrom
BlusaRegata,Blusas,324,F,44,Verão,Amarelo
JaquetaCouro,Jaquetas,136,F,40,Verão,Azul
BermudaMoletom,Bermudas,256,M,40,Outono,Vermelho
BermudaMoletom,Bermudas,367,F,42,Verão,Rosa
TênisEsportivo,Sapatos,200,F,38,Outono,Verde
BermudaMoletom,Bermudas,353,F,38,Outono,Preto
BlusaRegata,Blusas,350,M,42,Verão,Rosa
BermudaMoletom,Bermudas,340,M,38,Inverno,Verde
JaquetaCouro,Jaquetas,313,M,44,Outono,Marrom
BlusaRegata,Blusas,337,F,38,Verão,Branco
BotasWinter,Sapatos,388,M,44,Primavera,Vermelho
BlusaRegata,Blusas,150,M,38,Inverno,Marrom
BermudaMoletom,Bermudas,256,M,40,Outono,Amarelo
BlusaRegata,Blusas,387,M,38,Outono,Azul
BermudaMoletom,Bermudas,120,M,38,Outono,Branco
JaquetaCouro,Jaquetas,309,F,38,Verão,Marrom
JaquetaCouro,Jaquetas,255,M,44,Outono,Branco
BotasWinter,Sapatos,197,M,44,Inverno,Rosa
JaquetaCouro,Jaquetas,195,M,44,Verão,Amarelo
JaquetaCouro,Jaquetas,123,F,38,Verão,Vermelho
JaquetaCouro,Jaquetas,121,F,38,Outono,Vermelho
JaquetaCouro,Jaquetas,158,M,38,Verão,Amarelo
JaquetaCouro,Jaquetas,231,F,38,Outono,Preto
BermudaMoletom,Bermudas,204,M,42,Outono,Verde
JaquetaCouro,Jaquetas,116,M,44,Verão,Branco
BermudaMoletom,Bermudas,271,F,42,Primavera,Verde
JaquetaCouro,Jaquetas,306,M,38,Inverno,Preto
BermudaMoletom,Bermudas,191,M,38,Verão,Branco
JaquetaCouro,Jaquetas,333,F,40,Inverno,Marrom
BermudaMoletom,Bermudas,253,F,44,Inverno,Amarelo
BlusaRegata,Blusas,251,M,42,Inverno,Rosa
SapatoSocial,Sapatos,353,F,38,Inverno,Rosa
BlusaRegata,Blusas,361,M,44,Outono,Marrom
BermudaMoletom,Bermudas,383,F,44,Verão,Rosa
BlusaRegata,Blusas,226,M,42,Verão,Verde
BlusaRegata,Blusas,132,F,40,Verão,Verde
BotasWinter,Sapatos,273,M,42,Inverno,Azul
JaquetaCouro,Jaquetas,150,M,44,Outono,Azul
BermudaMoletom,Bermudas,379,M,42,Outono,Verde
SapatoSocial,Sapatos,305,M,38,Inverno,Preto
JaquetaCouro,Jaquetas,186,M,40,Verão,Marrom
BermudaMoletom,Bermudas,208,M,44,Outono,Amarelo
JaquetaCouro,Jaquetas,363,M,42,Outono,Azul
BlusaRegata,Blusas,286,F,40,Outono,Verde
BlusaRegata,Blusas,180,F,44,Outono,Azul
BlusaRegata,Blusas,316,M,42,Primavera,Vermelho
SapatoSocial,Sapatos,182,F,38,Inverno,Branco
BermudaMoletom,Bermudas,175,F,42,Verão,Branco
BlusaRegata,Blusas,365,F,44,Outono,Rosa
BermudaMoletom,Bermudas,240,M,44,Inverno,Branco
SapatoSocial,Sapatos,261,M,40,Inverno,Verde
JaquetaCouro,Jaquetas,352,F,42,Primavera,Preto
JaquetaCouro,Jaquetas,316,M,44,Verão,Preto
JaquetaCouro,Jaquetas,163,M,44,Outono,Preto
BlusaRegata,Blusas,251,M,44,Primavera,Marrom
JaquetaCouro,Jaquetas,323,F,40,Primavera,Preto
JaquetaCouro,Jaquetas,184,F,44,Inverno,Branco
BlusaRegata,Blusas,323,M,38,Verão,Branco
BlusaRegata,Blusas,363,F,42,Inverno,Azul
JaquetaCouro,Jaquetas,260,F,38,Outono,Rosa
JaquetaCouro,Jaquetas,385,F,38,Inverno,Amarelo
TênisEsportivo,Sapatos,199,M,42,Outono,Verde
BotasWinter,Sapatos,291,F,38,Outono,Rosa
JaquetaCouro,Jaquetas,155,M,40,Verão,Preto
BlusaRegata,Blusas,350,M,42,Verão,Amarelo
JaquetaCouro,Jaquetas,183,F,44,Verão,Rosa
BermudaMoletom,Bermudas,193,F,40,Outono,Marrom
BermudaMoletom,Bermudas,323,F,40,Outono,Marrom
BlusaRegata,Blusas,316,F,40,Primavera,Amarelo
BlusaRegata,Blusas,102,M,42,Primavera,Branco
JaquetaCouro,Jaquetas,210,F,42,Outono,Rosa
BotasWinter,Sapatos,227,F,44,Verão,Marrom
JaquetaCouro,Jaquetas,332,M,44,Inverno,Azul
BlusaRegata,Blusas,302,M,42,Outono,Rosa
BermudaMoletom,Bermudas,340,M,40,Verão,Branco
BermudaMoletom,Bermudas,317,F,44,Inverno,Verde
BermudaMoletom,Bermudas,144,M,42,Primavera,Azul
BotasWinter,Sapatos,337,M,44,Primavera,Azul
BermudaMoletom,Bermudas,113,F,42,Verão,Azul
BotasWinter,Sapatos,176,F,42,Verão,Amarelo
SapatoSocial,Sapatos,188,F,38,Primavera,Verde
BermudaMoletom,Bermudas,200,M,38,Outono,Vermelho
BlusaRegata,Blusas,263,M,40,Primavera,Branco
BotasWinter,Sapatos,172,M,40,Outono,Azul
TênisEsportivo,Sapatos,122,M,38,Verão,Branco
BotasWinter,Sapatos,367,M,40,Outono,Azul
JaquetaCouro,Jaquetas,385,M,44,Verão,Preto
BlusaRegata,Blusas,121,M,40,Verão,Verde
JaquetaCouro,Jaquetas,207,F,38,Primavera,Azul
BotasWinter,Sapatos,172,F,38,Outono,Verde
TênisEsportivo,Sapatos,242,F,44,Inverno,Preto
SapatoSocial,Sapatos,306,M,38,Outono,Marrom
BermudaMoletom,Bermudas,263,F,44,Primavera,Azul
JaquetaCouro,Jaquetas,200,F,44,Outono,Amarelo
BlusaRegata,Blusas,238,F,40,Verão,Rosa
BlusaRegata,Blusas,381,M,40,Primavera,Preto
SapatoSocial,Sapatos,373,F,38,Outono,Branco
BlusaRegata,Blusas,277,M,40,Primavera,Vermelho
BlusaRegata,Blusas,248,F,38,Verão,Vermelho
JaquetaCouro,Jaquetas,235,M,38,Verão,Verde
BlusaRegata,Blusas,232,F,42,Verão,Verde
BotasWinter,Sapatos,314,M,44,Outono,Amarelo
BlusaRegata,Blusas,335,M,38,Primavera,Verde
BlusaRegata,Blusas,165,F,42,Outono,Branco
BlusaRegata,Blusas,382,M,40,Primavera,Branco
BlusaRegata,Blusas,158,M,38,Primavera,Amarelo
TênisEsportivo,Sapatos,312,F,44,Inverno,Verde
BlusaRegata,Blusas,298,F,40,Primavera,Preto
BotasWinter,Sapatos,138,F,42,Verão,Verde
BlusaRegata,Blusas,158,M,38,Outono,Branco
JaquetaCouro,Jaquetas,322,M,44,Verão,Verde
BermudaMoletom,Bermudas,314,F,38,Inverno,Marrom
JaquetaCouro,Jaquetas,330,M,38,Outono,Vermelho
BotasWinter,Sapatos,339,M,42,Primavera,Amarelo
SapatoSocial,Sapatos,318,F,40,Verão,Marrom
BlusaRegata,Blusas,373,F,40,Verão,Rosa
BermudaMoletom,Bermudas,203,M,38,Outono,Amarelo
JaquetaCouro,Jaquetas,109,F,44,Inverno,Azul
JaquetaCouro,Jaquetas,353,F,38,Inverno,Rosa
BermudaMoletom,Bermudas,128,F,38,Primavera,Rosa
JaquetaCouro,Jaquetas,400,M,38,Inverno,Preto
BlusaRegata,Blusas,361,F,38,Primavera,Vermelho
BermudaMoletom,Bermudas,248,F,44,Verão,Preto
BermudaMoletom,Bermudas,266,F,44,Inverno,Marrom
TênisEsportivo,Sapatos,309,M,38,Primavera,Amarelo
JaquetaCouro,Jaquetas,150,F,42,Outono,Marrom
JaquetaCouro,Jaquetas,362,F,44,Outono,Rosa
BlusaRegata,Blusas,400,F,38,Primavera,Amarelo
BotasWinter,Sapatos,158,F,44,Inverno,Rosa
TênisEsportivo,Sapatos,201,F,42,Inverno,Amarelo
JaquetaCouro,Jaquetas,190,F,38,Outono,Amarelo
BotasWinter,Sapatos,148,F,40,Outono,Amarelo
SapatoSocial,Sapatos,284,M,38,Primavera,Azul
TênisEsportivo,Sapatos,356,M,42,Inverno,Rosa
JaquetaCouro,Jaquetas,295,F,42,Primavera,Marrom
BlusaRegata,Blusas,226,M,44,Inverno,Branco
SapatoSocial,Sapatos,387,F,38,Verão,Branco
BotasWinter,Sapatos,312,F,44,Verão,Preto
BotasWinter,Sapatos,282,F,38,Primavera,Verde
SapatoSocial,Sapatos,320,M,38,Verão,Amarelo
BermudaMoletom,Bermudas,380,F,38,Outono,Rosa
BermudaMoletom,Bermudas,319,F,40,Inverno,Amarelo
BlusaRegata,Blusas,246,F,38,Outono,Rosa
BlusaRegata,Blusas,280,F,40,Inverno,Amarelo
SapatoSocial,Sapatos,184,M,44,Primavera,Preto
JaquetaCouro,Jaquetas,167,M,38,Primavera,Verde
BermudaMoletom,Bermudas,255,M,40,Inverno,Verde
BermudaMoletom,Bermudas,207,M,42,Verão,Branco
BlusaRegata,Blusas,198,F,44,Outono,Marrom
BlusaRegata,Blusas,276,M,42,Outono,Azul
TênisEsportivo,Sapatos,150,F,40,Inverno,Branco
BermudaMoletom,Bermudas,214,M,38,Outono,Branco
BermudaMoletom,Bermudas,221,F,38,Outono,Rosa
SapatoSocial,Sapatos,317,M,40,Inverno,Preto
TênisEsportivo,Sapatos,348,F,44,Primavera,Marrom
BlusaRegata,Blusas,152,F,40,Outono,Marrom
BermudaMoletom,Bermudas,125,F,42,Verão,Marrom
BlusaRegata,Blusas,391,F,42,Inverno,Vermelho
TênisEsportivo,Sapatos,297,M,40,Outono,Preto
BlusaRegata,Blusas,244,M,38,Inverno,Vermelho
SapatoSocial,Sapatos,221,M,44,Verão,Azul
SapatoSocial,Sapatos,400,F,40,Outono,Verde
BermudaMoletom,Bermudas,400,F,40,Inverno,Branco
BermudaMoletom,Bermudas,144,F,38,Inverno,Amarelo
TênisEsportivo,Sapatos,202,F,42,Verão,Azul
JaquetaCouro,Jaquetas,309,M,44,Inverno,Verde
SapatoSocial,Sapatos,321,F,42,Outono,Branco
BlusaRegata,Blusas,153,F,38,Outono,Amarelo
TênisEsportivo,Sapatos,371,M,44,Inverno,Preto
JaquetaCouro,Jaquetas,222,F,44,Verão,Branco
BermudaMoletom,Bermudas,217,F,38,Inverno,Azul
BlusaRegata,Blusas,295,M,42,Outono,Marrom
BotasWinter,Sapatos,221,F,42,Primavera,Amarelo
JaquetaCouro,Jaquetas,377,F,38,Verão,Preto
BermudaMoletom,Bermudas,340,F,40,Inverno,Azul
BotasWinter,Sapatos,313,F,44,Inverno,Marrom
SapatoSocial,Sapatos,133,F,38,Outono,Azul
BotasWinter,Sapatos,179,F,38,Outono,Preto
JaquetaCouro,Jaquetas,247,M,44,Verão,Azul
JaquetaCouro,Jaquetas,303,F,38,Primavera,Branco
TênisEsportivo,Sapatos,387,F,44,Verão,Azul
BlusaRegata,Blusas,326,F,38,Inverno,Branco
JaquetaCouro,Jaquetas,296,M,38,Outono,Amarelo
BermudaMoletom,Bermudas,359,F,38,Primavera,Vermelho
BotasWinter,Sapatos,294,M,42,Primavera,Branco
SapatoSocial,Sapatos,234,F,40,Inverno,Verde
BotasWinter,Sapatos,396,M,40,Verão,Verde
SapatoSocial,Sapatos,104,M,40,Primavera,Amarelo
BermudaMoletom,Bermudas,271,M,40,Verão,Marrom
BermudaMoletom,Bermudas,274,M,38,Verão,Preto
BotasWinter,Sapatos,204,M,38,Primavera,Amarelo
JaquetaCouro,Jaquetas,209,F,40,Outono,Azul
BermudaMoletom,Bermudas,211,F,40,Primavera,Branco
BlusaRegata,Blusas,378,M,38,Primavera,Azul
BlusaRegata,Blusas,224,F,40,Inverno,Verde
SapatoSocial,Sapatos,165,M,44,Verão,Rosa
TênisEsportivo,Sapatos,105,F,42,Primavera,Preto
BotasWinter,Sapatos,223,M,44,Inverno,Vermelho
BotasWinter,Sapatos,247,F,38,Verão,Amarelo
BlusaRegata,Blusas,140,M,40,Inverno,Rosa
BermudaMoletom,Bermudas,385,M,42,Primavera,Vermelho
SapatoSocial,Sapatos,317,F,44,Outono,Azul
BermudaMoletom,Bermudas,220,F,38,Inverno,Marrom
SapatoSocial,Sapatos,368,F,40,Outono,Rosa
JaquetaCouro,Jaquetas,164,M,38,Verão,Azul
BlusaRegata,Blusas,127,F,38,Outono,Branco
BotasWinter,Sapatos,160,F,42,Primavera,Branco
BermudaMoletom,Bermudas,339,M,42,Verão,Azul
BlusaRegata,Blusas,393,F,38,Verão,Preto
TênisEsportivo,Sapatos,110,M,42,Inverno,Marrom
SapatoSocial,Sapatos,385,M,38,Inverno,Rosa
JaquetaCouro,Jaquetas,215,M,40,Inverno,Azul
BlusaRegata,Blusas,376,M,44,Inverno,Marrom
BlusaRegata,Blusas,326,M,40,Outono,Marrom
BlusaRegata,Blusas,208,F,42,Verão,Rosa
BermudaMoletom,Bermudas,163,F,40,Inverno,Azul
JaquetaCouro,Jaquetas,256,M,40,Verão,Branco
BlusaRegata,Blusas,161,M,42,Verão,Verde
BermudaMoletom,Bermudas,258,F,38,Inverno,Preto
SapatoSocial,Sapatos,311,M,38,Primavera,Marrom
BlusaRegata,Blusas,326,M,42,Primavera,Azul
BlusaRegata,Blusas,160,M,44,Outono,Marrom
BotasWinter,Sapatos,280,F,38,Outono,Azul
JaquetaCouro,Jaquetas,162,F,38,Verão,Preto
BotasWinter,Sapatos,279,F,38,Verão,Verde
BermudaMoletom,Bermudas,291,M,44,Inverno,Vermelho
BermudaMoletom,Bermudas,270,M,44,Inverno,Branco
BlusaRegata,Blusas,267,F,40,Outono,Preto
JaquetaCouro,Jaquetas,168,F,40,Primavera,Amarelo
TênisEsportivo,Sapatos,354,M,44,Inverno,Verde
TênisEsportivo,Sapatos,209,M,44,Outono,Branco
BermudaMoletom,Bermudas,177,M,44,Outono,Verde
BermudaMoletom,Bermudas,185,F,38,Verão,Verde
BotasWinter,Sapatos,224,M,42,Outono,Azul
BotasWinter,Sapatos,220,F,42,Verão,Preto
TênisEsportivo,Sapatos,167,M,40,Primavera,Marrom
SapatoSocial,Sapatos,210,M,38,Outono,Verde
TênisEsportivo,Sapatos,182,F,42,Outono,Preto
BermudaMoletom,Bermudas,284,M,44,Verão,Azul
BlusaRegata,Blusas,374,F,40,Verão,Rosa
BlusaRegata,Blusas,313,F,42,Primavera,Amarelo
BotasWinter,Sapatos,112,F,44,Outono,Azul
JaquetaCouro,Jaquetas,336,M,44,Primavera,Marrom
BotasWinter,Sapatos,356,F,44,Primavera,Branco
TênisEsportivo,Sapatos,330,M,40,Verão,Rosa
BlusaRegata,Blusas,141,F,44,Outono,Azul
BermudaMoletom,Bermudas,218,M,42,Inverno,Azul
SapatoSocial,Sapatos,110,M,44,Verão,Marrom
BermudaMoletom,Bermudas,205,F,40,Outono,Rosa
TênisEsportivo,Sapatos,149,F,38,Outono,Preto
SapatoSocial,Sapatos,144,M,44,Verão,Branco
BlusaRegata,Blusas,156,F,44,Outono,Azul
BlusaRegata,Blusas,289,F,38,Verão,Branco
SapatoSocial,Sapatos,264,F,44,Primavera,Branco
BotasWinter,Sapatos,392,M,40,Outono,Preto
BermudaMoletom,Bermudas,317,F,42,Verão,Branco
SapatoSocial,Sapatos,372,M,42,Verão,Verde
JaquetaCouro,Jaquetas,261,M,44,Verão,Rosa
BermudaMoletom,Bermudas,361,M,40,Verão,Marrom
BlusaRegata,Blusas,257,M,38,Inverno,Rosa
SapatoSocial,Sapatos,115,M,44,Inverno,Rosa
SapatoSocial,Sapatos,302,M,44,Verão,Azul
BermudaMoletom,Bermudas,146,F,44,Inverno,Rosa
BlusaRegata,Blusas,357,F,38,Outono,Branco
JaquetaCouro,Jaquetas,172,M,42,Verão,Azul
JaquetaCouro,Jaquetas,262,F,42,Outono,Rosa
BlusaRegata,Blusas,101,M,38,Verão,Rosa
JaquetaCouro,Jaquetas,389,F,40,Primavera,Branco
BlusaRegata,Blusas,203,F,40,Outono,Branco
BermudaMoletom,Bermudas,172,M,40,Outono,Branco
BotasWinter,Sapatos,396,F,40,Inverno,Vermelho
BermudaMoletom,Bermudas,206,M,44,Verão,Amarelo
JaquetaCouro,Jaquetas,389,F,44,Outono,Preto
JaquetaCouro,Jaquetas,349,M,42,Inverno,Marrom
BlusaRegata,Blusas,255,M,38,Outono,Verde
SapatoSocial,Sapatos,225,F,38,Verão,Vermelho
BermudaMoletom,Bermudas,121,M,40,Outono,Vermelho
JaquetaCouro,Jaquetas,379,M,42,Verão,Preto
BotasWinter,Sapatos,383,F,42,Verão,Verde
BlusaRegata,Blusas,166,M,44,Outono,Amarelo
BermudaMoletom,Bermudas,123,M,44,Primavera,Vermelho
BermudaMoletom,Bermudas,380,F,38,Verão,Marrom
BlusaRegata,Blusas,165,F,44,Outono,Amarelo
BlusaRegata,Blusas,285,F,40,Outono,Verde
BermudaMoletom,Bermudas,296,M,38,Primavera,Azul
JaquetaCouro,Jaquetas,263,M,44,Outono,Vermelho
JaquetaCouro,Jaquetas,153,M,44,Verão,Vermelho
BlusaRegata,Blusas,264,F,42,Primavera,Vermelho
BermudaMoletom,Bermudas,348,F,40,Outono,Amarelo
BermudaMoletom,Bermudas,307,F,40,Verão,Preto
BermudaMoletom,Bermudas,363,F,44,Outono,Verde
SapatoSocial,Sapatos,188,M,42,Outono,Vermelho
SapatoSocial,Sapatos,171,F,38,Outono,Branco
BlusaRegata,Blusas,247,F,44,Outono,Vermelho
BermudaMoletom,Bermudas,243,F,38,Outono,Preto
TênisEsportivo,Sapatos,326,M,42,Primavera,Amarelo
SapatoSocial,Sapatos,121,F,40,Outono,Amarelo
BlusaRegata,Blusas,321,F,42,Outono,Preto
JaquetaCouro,Jaquetas,214,M,38,Verão,Vermelho
TênisEsportivo,Sapatos,194,M,40,Outono,Azul
BlusaRegata,Blusas,210,F,42,Verão,Vermelho
BermudaMoletom,Bermudas,347,F,38,Primavera,Vermelho
TênisEsportivo,Sapatos,173,M,44,Inverno,Branco
BermudaMoletom,Bermudas,364,F,44,Verão,Preto
JaquetaCouro,Jaquetas,218,M,40,Inverno,Vermelho
BermudaMoletom,Bermudas,289,M,40,Outono,Azul
BotasWinter,Sapatos,106,M,44,Primavera,Branco
TênisEsportivo,Sapatos,350,F,38,Outono,Marrom
BotasWinter,Sapatos,311,M,44,Outono,Azul
JaquetaCouro,Jaquetas,340,F,40,Inverno,Amarelo
JaquetaCouro,Jaquetas,202,F,38,Outono,Vermelho
BlusaRegata,Blusas,255,F,42,Inverno,Marrom
SapatoSocial,Sapatos,258,F,42,Primavera,Verde
BermudaMoletom,Bermudas,164,M,38,Primavera,Verde
JaquetaCouro,Jaquetas,152,F,40,Primavera,Rosa
BermudaMoletom,Bermudas,211,F,42,Outono,Rosa
JaquetaCouro,Jaquetas,387,M,44,Inverno,Vermelho
BlusaRegata,Blusas,211,M,44,Verão,Branco
BlusaRegata,Blusas,189,F,42,Primavera,Rosa
BotasWinter,Sapatos,202,F,44,Inverno,Preto
JaquetaCouro,Jaquetas,391,F,40,Primavera,Marrom
BlusaRegata,Blusas,393,F,40,Inverno,Amarelo
BlusaRegata,Blusas,302,M,38,Primavera,Azul
BlusaRegata,Blusas,399,M,38,Inverno,Amarelo
BermudaMoletom,Bermudas,164,M,40,Primavera,Rosa
SapatoSocial,Sapatos,349,F,42,Verão,Azul
BermudaMoletom,Bermudas,335,M,42,Inverno,Rosa
BlusaRegata,Blusas,271,F,40,Primavera,Rosa
BermudaMoletom,Bermudas,138,M,42,Inverno,Amarelo
BotasWinter,Sapatos,198,F,42,Primavera,Preto
TênisEsportivo,Sapatos,222,M,44,Inverno,Rosa
BlusaRegata,Blusas,266,F,40,Inverno,Verde
BermudaMoletom,Bermudas,134,F,38,Outono,Vermelho
BlusaRegata,Blusas,190,M,40,Inverno,Preto
BermudaMoletom,Bermudas,118,M,44,Verão,Marrom
JaquetaCouro,Jaquetas,257,M,38,Inverno,Azul
JaquetaCouro,Jaquetas,371,F,44,Inverno,Preto
JaquetaCouro,Jaquetas,202,M,38,Outono,Preto
BlusaRegata,Blusas,210,F,42,Primavera,Amarelo
BermudaMoletom,Bermudas,152,M,40,Inverno,Preto
TênisEsportivo,Sapatos,201,F,40,Verão,Rosa
BlusaRegata,Blusas,198,M,40,Primavera,Branco
SapatoSocial,Sapatos,318,F,40,Inverno,Preto
JaquetaCouro,Jaquetas,367,F,40,Inverno,Rosa
JaquetaCouro,Jaquetas,165,M,42,Outono,Amarelo
BermudaMoletom,Bermudas,327,M,38,Verão,Azul
JaquetaCouro,Jaquetas,342,F,44,Inverno,Verde
JaquetaCouro,Jaquetas,200,F,38,Primavera,Branco
JaquetaCouro,Jaquetas,299,M,44,Outono,Verde
JaquetaCouro,Jaquetas,133,M,40,Primavera,Branco
BermudaMoletom,Bermudas,167,F,38,Primavera,Rosa
SapatoSocial,Sapatos,365,F,44,Verão,Amarelo
BermudaMoletom,Bermudas,319,M,40,Outono,Preto
BotasWinter,Sapatos,374,F,38,Primavera,Marrom
JaquetaCouro,Jaquetas,155,F,42,Inverno,Azul
BermudaMoletom,Bermudas,351,M,42,Outono,Rosa
BermudaMoletom,Bermudas,155,F,44,Primavera,Rosa
TênisEsportivo,Sapatos,172,M,42,Outono,Branco
BermudaMoletom,Bermudas,269,F,42,Outono,Marrom
BermudaMoletom,Bermudas,166,M,38,Outono,Marrom
TênisEsportivo,Sapatos,340,M,38,Outono,Preto
BermudaMoletom,Bermudas,276,F,44,Inverno,Amarelo
JaquetaCouro,Jaquetas,119,F,38,Outono,Marrom
BlusaRegata,Blusas,260,M,44,Verão,Vermelho
TênisEsportivo,Sapatos,234,F,38,Primavera,Preto
BermudaMoletom,Bermudas,357,M,38,Inverno,Preto
TênisEsportivo,Sapatos,385,F,42,Outono,Azul
JaquetaCouro,Jaquetas,161,F,38,Verão,Marrom
JaquetaCouro,Jaquetas,278,M,38,Outono,Rosa
JaquetaCouro,Jaquetas,381,M,38,Inverno,Branco
BlusaRegata,Blusas,312,F,38,Outono,Preto
JaquetaCouro,Jaquetas,245,M,42,Outono,Verde
BlusaRegata,Blusas,276,M,40,Inverno,Marrom
BermudaMoletom,Bermudas,109,M,40,Inverno,Marrom
BlusaRegata,Blusas,306,M,42,Outono,Marrom
BlusaRegata,Blusas,378,F,42,Primavera,Branco
JaquetaCouro,Jaquetas,307,F,40,Inverno,Vermelho
BotasWinter,Sapatos,266,M,44,Primavera,Verde
BotasWinter,Sapatos,127,F,42,Primavera,Marrom
TênisEsportivo,Sapatos,361,F,40,Outono,Marrom
JaquetaCouro,Jaquetas,373,M,42,Verão,Verde
JaquetaCouro,Jaquetas,368,F,42,Primavera,Marrom
BermudaMoletom,Bermudas,380,M,44,Outono,Amarelo
TênisEsportivo,Sapatos,147,M,42,Primavera,Branco
BlusaRegata,Blusas,212,M,40,Primavera,Marrom
SapatoSocial,Sapatos,137,F,38,Primavera,Branco
BermudaMoletom,Bermudas,354,F,44,Verão,Azul
JaquetaCouro,Jaquetas,369,M,44,Outono,Preto
JaquetaCouro,Jaquetas,165,F,44,Outono,Branco
BlusaRegata,Blusas,297,M,42,Verão,Amarelo
BotasWinter,Sapatos,189,M,42,Outono,Branco
BermudaMoletom,Bermudas,221,M,40,Outono,Branco
BermudaMoletom,Bermudas,103,F,38,Outono,Branco
BermudaMoletom,Bermudas,315,M,42,Verão,Vermelho
BlusaRegata,Blusas,130,M,38,Inverno,Branco
BlusaRegata,Blusas,133,F,40,Inverno,Rosa
BermudaMoletom,Bermudas,322,M,40,Verão,Marrom
JaquetaCouro,Jaquetas,221,F,40,Outono,Amarelo
BermudaMoletom,Bermudas,325,F,44,Inverno,Azul
BlusaRegata,Blusas,143,F,42,Verão,Marrom
TênisEsportivo,Sapatos,166,F,42,Inverno,Vermelho
SapatoSocial,Sapatos,332,M,42,Primavera,Rosa
BlusaRegata,Blusas,254,F,44,Verão,Rosa
BlusaRegata,Blusas,235,F,44,Primavera,Branco
JaquetaCouro,Jaquetas,107,M,44,Inverno,Rosa
JaquetaCouro,Jaquetas,243,F,42,Primavera,Preto
BermudaMoletom,Bermudas,165,F,42,Primavera,Preto
JaquetaCouro,Jaquetas,107,F,38,Inverno,Amarelo
BotasWinter,Sapatos,200,M,40,Primavera,Preto
JaquetaCouro,Jaquetas,148,F,42,Inverno,Vermelho
BermudaMoletom,Bermudas,206,M,40,Primavera,Amarelo
BlusaRegata,Blusas,105,F,40,Verão,Preto
BlusaRegata,Blusas,175,F,40,Primavera,Vermelho
JaquetaCouro,Jaquetas,251,M,40,Primavera,Azul
BotasWinter,Sapatos,260,M,38,Outono,Marrom
SapatoSocial,Sapatos,360,F,40,Primavera,Amarelo
JaquetaCouro,Jaquetas,230,M,44,Outono,Azul
BotasWinter,Sapatos,204,F,42,Inverno,Azul
BlusaRegata,Blusas,387,M,42,Primavera,Verde
BlusaRegata,Blusas,392,M,40,Inverno,Marrom
JaquetaCouro,Jaquetas,199,M,44,Inverno,Verde
BermudaMoletom,Bermudas,382,M,40,Outono,Branco
JaquetaCouro,Jaquetas,157,M,42,Inverno,Verde
BermudaMoletom,Bermudas,355,M,44,Primavera,Marrom
JaquetaCouro,Jaquetas,367,F,38,Inverno,Branco
JaquetaCouro,Jaquetas,193,M,44,Verão,Rosa
BermudaMoletom,Bermudas,244,M,38,Verão,Amarelo
BermudaMoletom,Bermudas,391,M,42,Verão,Amarelo
BermudaMoletom,Bermudas,387,M,42,Outono,Rosa
BlusaRegata,Blusas,180,F,42,Primavera,Verde
BlusaRegata,Blusas,206,M,40,Primavera,Branco
BotasWinter,Sapatos,300,M,42,Primavera,Preto
SapatoSocial,Sapatos,127,M,40,Verão,Azul
BlusaRegata,Blusas,104,F,42,Outono,Rosa
BlusaRegata,Blusas,112,F,42,Verão,Branco
JaquetaCouro,Jaquetas,107,M,40,Outono,Marrom
BermudaMoletom,Bermudas,380,F,44,Verão,Branco
BermudaMoletom,Bermudas,234,M,44,Inverno,Preto
JaquetaCouro,Jaquetas,115,M,40,Inverno,Vermelho
SapatoSocial,Sapatos,248,M,38,Verão,Rosa
BermudaMoletom,Bermudas,342,M,44,Verão,Azul
BotasWinter,Sapatos,113,F,44,Outono,Verde
BotasWinter,Sapatos,340,M,40,Verão,Marrom
TênisEsportivo,Sapatos,168,M,40,Primavera,Azul
BermudaMoletom,Bermudas,330,F,38,Primavera,Marrom
TênisEsportivo,Sapatos,247,M,40,Outono,Preto
BermudaMoletom,Bermudas,273,M,42,Primavera,Verde
SapatoSocial,Sapatos,368,M,42,Inverno,Marrom
BlusaRegata,Blusas,357,F,42,Inverno,Marrom
BermudaMoletom,Bermudas,291,M,42,Primavera,Marrom
BermudaMoletom,Bermudas,134,M,42,Inverno,Amarelo
BlusaRegata,Blusas,132,M,38,Primavera,Branco
BlusaRegata,Blusas,223,F,44,Verão,Preto
BlusaRegata,Blusas,382,M,38,Primavera,Verde
JaquetaCouro,Jaquetas,176,F,42,Primavera,Rosa
JaquetaCouro,Jaquetas,258,M,40,Outono,Rosa
BlusaRegata,Blusas,183,M,40,Outono,Marrom
BlusaRegata,Blusas,203,F,40,Primavera,Marrom
BlusaRegata,Blusas,332,F,38,Primavera,Marrom
BermudaMoletom,Bermudas,120,F,44,Outono,Verde
SapatoSocial,Sapatos,251,M,42,Outono,Marrom
BermudaMoletom,Bermudas,118,M,44,Primavera,Preto
JaquetaCouro,Jaquetas,358,M,42,Outono,Rosa
BermudaMoletom,Bermudas,297,M,38,Inverno,Azul
BotasWinter,Sapatos,388,M,40,Outono,Azul
BermudaMoletom,Bermudas,231,M,38,Inverno,Verde
JaquetaCouro,Jaquetas,173,M,42,Primavera,Marrom
BermudaMoletom,Bermudas,103,F,42,Primavera,Preto
JaquetaCouro,Jaquetas,316,F,42,Inverno,Branco
JaquetaCouro,Jaquetas,271,F,44,Inverno,Branco
SapatoSocial,Sapatos,258,F,42,Inverno,Preto
BermudaMoletom,Bermudas,338,M,40,Primavera,Verde
BermudaMoletom,Bermudas,141,M,38,Verão,Vermelho
BlusaRegata,Blusas,110,F,40,Verão,Amarelo
BlusaRegata,Blusas,266,M,44,Primavera,Verde
SapatoSocial,Sapatos,172,F,44,Verão,Verde
JaquetaCouro,Jaquetas,260,M,40,Outono,Amarelo
BlusaRegata,Blusas,361,M,40,Outono,Preto
SapatoSocial,Sapatos,169,M,44,Inverno,Amarelo
BlusaRegata,Blusas,324,M,40,Primavera,Amarelo
BlusaRegata,Blusas,323,F,38,Verão,Rosa
TênisEsportivo,Sapatos,142,M,44,Outono,Amarelo
BermudaMoletom,Bermudas,379,M,42,Primavera,Verde
BermudaMoletom,Bermudas,381,F,42,Outono,Marrom
JaquetaCouro,Jaquetas,364,M,38,Inverno,Rosa
BermudaMoletom,Bermudas,201,M,40,Outono,Branco
TênisEsportivo,Sapatos,326,F,40,Primavera,Branco
BlusaRegata,Blusas,182,F,42,Outono,Rosa
BotasWinter,Sapatos,389,F,44,Outono,Branco
SapatoSocial,Sapatos,249,M,40,Verão,Verde
BlusaRegata,Blusas,180,F,38,Outono,Azul
JaquetaCouro,Jaquetas,375,F,42,Inverno,Preto
SapatoSocial,Sapatos,282,M,44,Primavera,Branco
BlusaRegata,Blusas,129,F,44,Outono,Vermelho
JaquetaCouro,Jaquetas,249,F,40,Inverno,Marrom
JaquetaCouro,Jaquetas,332,F,44,Verão,Preto
BlusaRegata,Blusas,300,F,42,Outono,Amarelo
BotasWinter,Sapatos,225,M,42,Outono,Amarelo
JaquetaCouro,Jaquetas,244,F,40,Primavera,Verde
BotasWinter,Sapatos,286,M,44,Inverno,Amarelo
BermudaMoletom,Bermudas,233,M,38,Outono,Branco
BermudaMoletom,Bermudas,211,M,44,Outono,Preto
TênisEsportivo,Sapatos,175,M,38,Inverno,Marrom
TênisEsportivo,Sapatos,185,F,38,Primavera,Vermelho
SapatoSocial,Sapatos,133,F,42,Outono,Preto
JaquetaCouro,Jaquetas,173,F,40,Inverno,Rosa
BlusaRegata,Blusas,295,M,42,Outono,Branco
JaquetaCouro,Jaquetas,137,F,38,Primavera,Azul
BlusaRegata,Blusas,350,F,42,Verão,Verde
BermudaMoletom,Bermudas,171,F,44,Inverno,Preto
BermudaMoletom,Bermudas,290,M,44,Verão,Vermelho
BotasWinter,Sapatos,119,F,44,Outono,Branco
JaquetaCouro,Jaquetas,317,F,42,Primavera,Verde
BotasWinter,Sapatos,150,M,40,Primavera,Vermelho
BermudaMoletom,Bermudas,173,F,38,Outono,Preto
BermudaMoletom,Bermudas,168,M,44,Verão,Marrom
BermudaMoletom,Bermudas,273,F,40,Primavera,Branco
BlusaRegata,Blusas,233,M,44,Inverno,Verde
JaquetaCouro,Jaquetas,311,F,42,Outono,Preto
TênisEsportivo,Sapatos,310,M,42,Inverno,Rosa
BermudaMoletom,Bermudas,271,F,44,Inverno,Branco
JaquetaCouro,Jaquetas,144,F,38,Verão,Branco
JaquetaCouro,Jaquetas,197,F,38,Inverno,Verde
BermudaMoletom,Bermudas,254,M,44,Primavera,Preto
SapatoSocial,Sapatos,368,M,40,Verão,Preto
JaquetaCouro,Jaquetas,259,M,38,Primavera,Verde
JaquetaCouro,Jaquetas,293,F,40,Verão,Vermelho
JaquetaCouro,Jaquetas,319,M,44,Primavera,Branco
BermudaMoletom,Bermudas,295,M,44,Verão,Azul
BermudaMoletom,Bermudas,345,M,42,Primavera,Marrom
BlusaRegata,Blusas,210,M,38,Verão,Branco
BermudaMoletom,Bermudas,268,M,40,Outono,Rosa
BlusaRegata,Blusas,185,M,38,Verão,Azul
JaquetaCouro,Jaquetas,305,F,40,Outono,Amarelo
BlusaRegata,Blusas,247,M,44,Inverno,Azul
BlusaRegata,Blusas,130,F,38,Primavera,Marrom
TênisEsportivo,Sapatos,189,F,42,Verão,Amarelo
JaquetaCouro,Jaquetas,173,F,38,Verão,Azul
BlusaRegata,Blusas,276,M,44,Verão,Vermelho
BermudaMoletom,Bermudas,234,F,44,Verão,Azul
BermudaMoletom,Bermudas,215,M,44,Primavera,Verde
JaquetaCouro,Jaquetas,174,M,42,Primavera,Azul
BermudaMoletom,Bermudas,335,F,42,Inverno,Azul
BotasWinter,Sapatos,336,F,40,Outono,Branco
BlusaRegata,Blusas,285,M,40,Inverno,Branco
SapatoSocial,Sapatos,310,F,38,Verão,Azul
SapatoSocial,Sapatos,145,M,44,Verão,Amarelo
JaquetaCouro,Jaquetas,100,F,42,Primavera,Branco
BermudaMoletom,Bermudas,339,F,44,Outono,Vermelho
JaquetaCouro,Jaquetas,283,M,38,Inverno,Amarelo
BlusaRegata,Blusas,193,M,38,Verão,Preto
BermudaMoletom,Bermudas,396,M,38,Outono,Branco
BotasWinter,Sapatos,215,F,44,Verão,Preto
BermudaMoletom,Bermudas,391,M,40,Verão,Marrom
SapatoSocial,Sapatos,269,M,40,Outono,Branco
BlusaRegata,Blusas,323,M,42,Outono,Verde
JaquetaCouro,Jaquetas,343,M,40,Verão,Rosa
BermudaMoletom,Bermudas,286,F,44,Inverno,Marrom
TênisEsportivo,Sapatos,276,M,42,Verão,Verde
SapatoSocial,Sapatos,120,M,38,Inverno,Branco
BlusaRegata,Blusas,219,F,42,Primavera,Preto
BermudaMoletom,Bermudas,277,F,44,Verão,Rosa
BlusaRegata,Blusas,336,F,38,Primavera,Marrom
JaquetaCouro,Jaquetas,164,M,44,Outono,Branco
BotasWinter,Sapatos,145,F,42,Outono,Rosa
JaquetaCouro,Jaquetas,102,M,38,Primavera,Rosa
BotasWinter,Sapatos,383,F,40,Verão,Amarelo
JaquetaCouro,Jaquetas,267,M,40,Inverno,Amarelo
BotasWinter,Sapatos,205,F,44,Verão,Rosa
JaquetaCouro,Jaquetas,230,F,40,Primavera,Branco
BermudaMoletom,Bermudas,124,M,38,Primavera,Azul
SapatoSocial,Sapatos,354,F,42,Inverno,Branco
BlusaRegata,Blusas,394,F,40,Inverno,Branco
BotasWinter,Sapatos,387,F,38,Outono,Verde
TênisEsportivo,Sapatos,151,M,40,Inverno,Rosa
SapatoSocial,Sapatos,313,F,44,Verão,Preto
JaquetaCouro,Jaquetas,319,F,38,Verão,Amarelo
BermudaMoletom,Bermudas,234,M,38,Verão,Marrom
BotasWinter,Sapatos,392,M,40,Outono,Marrom
BlusaRegata,Blusas,246,M,44,Primavera,Marrom
SapatoSocial,Sapatos,159,F,42,Inverno,Azul
JaquetaCouro,Jaquetas,347,M,38,Primavera,Branco
BlusaRegata,Blusas,341,F,42,Verão,Rosa
TênisEsportivo,Sapatos,198,M,42,Verão,Verde
BotasWinter,Sapatos,108,M,40,Verão,Verde
JaquetaCouro,Jaquetas,108,F,44,Primavera,Azul
BlusaRegata,Blusas,215,M,42,Primavera,Vermelho
BlusaRegata,Blusas,187,M,38,Inverno,Amarelo
JaquetaCouro,Jaquetas,309,M,40,Inverno,Vermelho
JaquetaCouro,Jaquetas,368,F,44,Primavera,Verde
SapatoSocial,Sapatos,161,F,44,Verão,Vermelho
BotasWinter,Sapatos,178,M,44,Verão,Azul
SapatoSocial,Sapatos,196,M,38,Outono,Vermelho
TênisEsportivo,Sapatos,297,F,40,Verão,Preto
BlusaRegata,Blusas,261,F,40,Outono,Amarelo
BotasWinter,Sapatos,142,M,44,Primavera,Preto
TênisEsportivo,Sapatos,144,F,42,Verão,Verde
BermudaMoletom,Bermudas,287,F,42,Primavera,Marrom
BlusaRegata,Blusas,336,F,42,Inverno,Azul
BlusaRegata,Blusas,160,F,40,Inverno,Verde
BlusaRegata,Blusas,111,F,38,Inverno,Branco
TênisEsportivo,Sapatos,113,F,42,Verão,Verde
BlusaRegata,Blusas,146,M,44,Primavera,Marrom
JaquetaCouro,Jaquetas,119,F,38,Primavera,Azul
JaquetaCouro,Jaquetas,358,M,38,Primavera,Azul
BlusaRegata,Blusas,167,F,42,Outono,Rosa
JaquetaCouro,Jaquetas,341,M,44,Inverno,Azul
BermudaMoletom,Bermudas,138,F,42,Inverno,Verde
BlusaRegata,Blusas,324,M,40,Primavera,Preto
JaquetaCouro,Jaquetas,284,M,44,Primavera,Marrom
BermudaMoletom,Bermudas,302,F,44,Verão,Branco
BlusaRegata,Blusas,104,F,44,Verão,Verde
JaquetaCouro,Jaquetas,264,F,42,Primavera,Branco
BlusaRegata,Blusas,204,M,38,Verão,Branco
BermudaMoletom,Bermudas,303,M,38,Primavera,Rosa
BlusaRegata,Blusas,328,F,40,Outono,Marrom
SapatoSocial,Sapatos,381,M,40,Primavera,Marrom
JaquetaCouro,Jaquetas,242,F,40,Inverno,Vermelho
TênisEsportivo,Sapatos,114,F,44,Verão,Branco
BlusaRegata,Blusas,300,F,38,Inverno,Amarelo
BlusaRegata,Blusas,132,M,42,Outono,Azul
BotasWinter,Sapatos,261,M,44,Outono,Marrom
JaquetaCouro,Jaquetas,348,M,40,Primavera,Rosa
BlusaRegata,Blusas,261,M,44,Outono,Amarelo
BotasWinter,Sapatos,353,F,42,Inverno,Branco
BlusaRegata,Blusas,135,F,38,Inverno,Vermelho
BlusaRegata,Blusas,139,F,40,Primavera,Verde
BlusaRegata,Blusas,268,M,38,Inverno,Branco
BermudaMoletom,Bermudas,211,M,38,Verão,Rosa
BermudaMoletom,Bermudas,165,M,40,Primavera,Amarelo
TênisEsportivo,Sapatos,146,M,44,Verão,Branco
BlusaRegata,Blusas,166,M,38,Inverno,Rosa
BermudaMoletom,Bermudas,229,F,44,Inverno,Preto
BotasWinter,Sapatos,252,F,38,Inverno,Branco
BermudaMoletom,Bermudas,295,F,44,Verão,Amarelo
BlusaRegata,Blusas,152,F,42,Primavera,Marrom
BermudaMoletom,Bermudas,137,F,44,Inverno,Rosa
JaquetaCouro,Jaquetas,324,M,40,Verão,Amarelo
JaquetaCouro,Jaquetas,345,F,38,Primavera,Branco
BotasWinter,Sapatos,337,F,42,Outono,Marrom
BermudaMoletom,Bermudas,183,F,44,Primavera,Preto
BermudaMoletom,Bermudas,131,F,42,Inverno,Azul
BermudaMoletom,Bermudas,322,F,42,Inverno,Amarelo
BlusaRegata,Blusas,162,F,38,Outono,Rosa
BlusaRegata,Blusas,313,F,40,Primavera,Marrom
BotasWinter,Sapatos,112,F,38,Verão,Vermelho
BlusaRegata,Blusas,208,M,42,Primavera,Marrom
JaquetaCouro,Jaquetas,192,M,38,Verão,Verde
BermudaMoletom,Bermudas,110,M,38,Primavera,Azul
JaquetaCouro,Jaquetas,240,F,38,Inverno,Vermelho
JaquetaCouro,Jaquetas,229,F,40,Outono,Amarelo
SapatoSocial,Sapatos,302,M,38,Inverno,Rosa
BermudaMoletom,Bermudas,163,F,42,Verão,Marrom
BotasWinter,Sapatos,320,F,42,Outono,Rosa
SapatoSocial,Sapatos,333,M,40,Outono,Amarelo
BermudaMoletom,Bermudas,154,F,42,Primavera,Vermelho
JaquetaCouro,Jaquetas,389,M,44,Outono,Preto
BermudaMoletom,Bermudas,191,M,44,Inverno,Verde
BotasWinter,Sapatos,305,F,44,Inverno,Branco
JaquetaCouro,Jaquetas,347,M,42,Inverno,Verde
BermudaMoletom,Bermudas,103,F,42,Inverno,Preto
BermudaMoletom,Bermudas,390,F,42,Primavera,Verde
BermudaMoletom,Bermudas,202,M,42,Verão,Amarelo
BermudaMoletom,Bermudas,135,M,44,Primavera,Verde
JaquetaCouro,Jaquetas,286,F,42,Primavera,Marrom
JaquetaCouro,Jaquetas,171,F,42,Outono,Vermelho
BlusaRegata,Blusas,205,M,40,Primavera,Marrom
BlusaRegata,Blusas,104,M,40,Outono,Marrom
BlusaRegata,Blusas,343,F,44,Primavera,Verde
JaquetaCouro,Jaquetas,206,M,42,Outono,Amarelo
SapatoSocial,Sapatos,221,M,40,Inverno,Preto
JaquetaCouro,Jaquetas,400,F,44,Outono,Rosa
BermudaMoletom,Bermudas,198,M,38,Inverno,Rosa
BermudaMoletom,Bermudas,124,M,40,Inverno,Rosa
SapatoSocial,Sapatos,295,F,38,Primavera,Amarelo
BlusaRegata,Blusas,208,F,44,Primavera,Rosa
SapatoSocial,Sapatos,248,F,44,Outono,Azul
BermudaMoletom,Bermudas,399,M,38,Primavera,Branco
BlusaRegata,Blusas,118,M,38,Primavera,Marrom
JaquetaCouro,Jaquetas,260,F,42,Verão,Vermelho
JaquetaCouro,Jaquetas,169,F,42,Inverno,Preto
BermudaMoletom,Bermudas,185,F,42,Primavera,Amarelo
TênisEsportivo,Sapatos,181,M,42,Verão,Azul
BermudaMoletom,Bermudas,382,F,42,Verão,Preto
BermudaMoletom,Bermudas,336,F,40,Inverno,Vermelho
BlusaRegata,Blusas,295,F,40,Outono,Vermelho
TênisEsportivo,Sapatos,129,M,38,Inverno,Verde
BlusaRegata,Blusas,320,M,38,Outono,Azul
SapatoSocial,Sapatos,139,F,38,Verão,Marrom
TênisEsportivo,Sapatos,398,M,44,Verão,Vermelho
BermudaMoletom,Bermudas,305,M,40,Inverno,Azul
BotasWinter,Sapatos,294,F,42,Outono,Azul
BermudaMoletom,Bermudas,358,M,38,Outono,Amarelo
BotasWinter,Sapatos,361,M,38,Verão,Rosa
BermudaMoletom,Bermudas,274,M,40,Primavera,Azul
SapatoSocial,Sapatos,166,M,42,Inverno,Branco
BlusaRegata,Blusas,159,F,40,Primavera,Marrom
BlusaRegata,Blusas,185,F,40,Verão,Amarelo
JaquetaCouro,Jaquetas,141,F,44,Inverno,Amarelo
BlusaRegata,Blusas,337,F,40,Outono,Vermelho
BotasWinter,Sapatos,331,M,40,Primavera,Amarelo
BermudaMoletom,Bermudas,119,F,44,Inverno,Azul
BlusaRegata,Blusas,147,M,42,Inverno,Marrom
BermudaMoletom,Bermudas,309,F,44,Verão,Rosa
BlusaRegata,Blusas,172,M,40,Outono,Preto
BermudaMoletom,Bermudas,383,F,38,Outono,Azul
JaquetaCouro,Jaquetas,275,M,38,Primavera,Azul
BermudaMoletom,Bermudas,391,F,38,Outono,Marrom
BotasWinter,Sapatos,333,F,40,Verão,Rosa
JaquetaCouro,Jaquetas,170,M,42,Verão,Azul
TênisEsportivo,Sapatos,114,M,44,Outono,Vermelho
SapatoSocial,Sapatos,180,M,38,Verão,Verde
BotasWinter,Sapatos,157,M,44,Verão,Marrom
BermudaMoletom,Bermudas,321,M,38,Verão,Verde
BermudaMoletom,Bermudas,251,M,44,Inverno,Azul
BotasWinter,Sapatos,384,M,40,Outono,Vermelho
BlusaRegata,Blusas,337,F,42,Outono,Preto
JaquetaCouro,Jaquetas,307,M,44,Verão,Amarelo
BermudaMoletom,Bermudas,324,F,44,Primavera,Vermelho
TênisEsportivo,Sapatos,223,M,42,Outono,Amarelo
JaquetaCouro,Jaquetas,329,F,40,Verão,Branco
BermudaMoletom,Bermudas,353,F,42,Outono,Marrom
BermudaMoletom,Bermudas,129,M,42,Outono,Rosa
BermudaMoletom,Bermudas,247,F,42,Verão,Vermelho
JaquetaCouro,Jaquetas,293,F,44,Verão,Marrom
BermudaMoletom,Bermudas,279,F,40,Outono,Preto
BermudaMoletom,Bermudas,333,F,40,Primavera,Rosa
BermudaMoletom,Bermudas,111,M,42,Verão,Rosa
BermudaMoletom,Bermudas,278,M,38,Verão,Rosa
TênisEsportivo,Sapatos,308,M,44,Outono,Branco
BlusaRegata,Blusas,283,M,38,Inverno,Marrom
BermudaMoletom,Bermudas,372,M,42,Primavera,Amarelo
TênisEsportivo,Sapatos,106,M,38,Inverno,Amarelo
JaquetaCouro,Jaquetas,393,F,38,Verão,Branco
SapatoSocial,Sapatos,104,F,42,Verão,Azul
TênisEsportivo,Sapatos,178,F,40,Verão,Rosa
JaquetaCouro,Jaquetas,178,M,44,Primavera,Marrom
BlusaRegata,Blusas,290,M,40,Verão,Azul
BlusaRegata,Blusas,383,F,42,Inverno,Rosa
BlusaRegata,Blusas,300,F,40,Verão,Vermelho
SapatoSocial,Sapatos,148,M,40,Outono,Marrom
BlusaRegata,Blusas,393,F,44,Inverno,Marrom
SapatoSocial,Sapatos,230,M,38,Verão,Preto
BlusaRegata,Blusas,362,F,38,Primavera,Preto
SapatoSocial,Sapatos,375,M,44,Primavera,Rosa
TênisEsportivo,Sapatos,177,F,42,Verão,Verde
BlusaRegata,Blusas,327,F,44,Outono,Marrom
JaquetaCouro,Jaquetas,256,F,38,Verão,Rosa
BlusaRegata,Blusas,209,F,40,Outono,Marrom
BlusaRegata,Blusas,240,F,44,Inverno,Amarelo
BotasWinter,Sapatos,224,F,42,Outono,Preto
TênisEsportivo,Sapatos,297,M,40,Verão,Verde
BlusaRegata,Blusas,339,M,38,Verão,Amarelo
BermudaMoletom,Bermudas,285,F,40,Inverno,Preto
JaquetaCouro,Jaquetas,333,F,42,Inverno,Verde
BermudaMoletom,Bermudas,347,M,42,Inverno,Rosa
SapatoSocial,Sapatos,205,M,40,Verão,Branco
JaquetaCouro,Jaquetas,123,M,44,Primavera,Azul
BlusaRegata,Blusas,323,M,44,Inverno,Verde
JaquetaCouro,Jaquetas,323,F,42,Primavera,Branco
BermudaMoletom,Bermudas,312,M,42,Verão,Vermelho
BlusaRegata,Blusas,385,M,40,Outono,Vermelho
BotasWinter,Sapatos,195,F,44,Inverno,Preto
SapatoSocial,Sapatos,300,M,38,Inverno,Verde
JaquetaCouro,Jaquetas,233,F,44,Inverno,Verde
JaquetaCouro,Jaquetas,388,M,40,Primavera,Azul
TênisEsportivo,Sapatos,206,M,44,Inverno,Amarelo
SapatoSocial,Sapatos,127,M,42,Outono,Amarelo
TênisEsportivo,Sapatos,294,M,38,Verão,Vermelho
JaquetaCouro,Jaquetas,133,F,44,Primavera,Branco
BermudaMoletom,Bermudas,264,F,42,Primavera,Marrom
BlusaRegata,Blusas,102,M,44,Inverno,Rosa
BotasWinter,Sapatos,221,F,42,Verão,Amarelo
BlusaRegata,Blusas,252,M,38,Primavera,Rosa
BermudaMoletom,Bermudas,329,M,38,Inverno,Azul
JaquetaCouro,Jaquetas,254,M,40,Verão,Marrom
BermudaMoletom,Bermudas,140,F,44,Verão,Rosa
TênisEsportivo,Sapatos,241,F,44,Outono,Preto
TênisEsportivo,Sapatos,271,M,42,Primavera,Rosa
BotasWinter,Sapatos,386,F,38,Outono,Branco
BlusaRegata,Blusas,163,M,40,Inverno,Azul
SapatoSocial,Sapatos,113,M,40,Inverno,Vermelho
TênisEsportivo,Sapatos,394,M,40,Outono,Preto
SapatoSocial,Sapatos,323,F,44,Primavera,Amarelo
BlusaRegata,Blusas,299,F,40,Inverno,Preto
JaquetaCouro,Jaquetas,184,F,42,Inverno,Preto
BermudaMoletom,Bermudas,320,F,44,Inverno,Rosa
BlusaRegata,Blusas,391,M,42,Outono,Preto
BlusaRegata,Blusas,232,F,44,Inverno,Amarelo
BermudaMoletom,Bermudas,177,F,42,Outono,Azul
JaquetaCouro,Jaquetas,247,M,42,Verão,Verde
BlusaRegata,Blusas,181,M,42,Verão,Marrom
BermudaMoletom,Bermudas,324,M,44,Inverno,Vermelho
TênisEsportivo,Sapatos,159,F,44,Inverno,Amarelo
BermudaMoletom,Bermudas,368,M,42,Outono,Verde
JaquetaCouro,Jaquetas,145,M,42,Primavera,Vermelho
JaquetaCouro,Jaquetas,246,M,44,Primavera,Amarelo
BermudaMoletom,Bermudas,234,M,38,Outono,Amarelo
BlusaRegata,Blusas,224,M,38,Inverno,Branco
BermudaMoletom,Bermudas,286,M,44,Outono,Rosa
BermudaMoletom,Bermudas,315,M,42,Outono,Verde
BlusaRegata,Blusas,226,F,42,Outono,Verde
BermudaMoletom,Bermudas,173,F,40,Outono,Verde
BlusaRegata,Blusas,289,M,40,Verão,Verde
BlusaRegata,Blusas,196,M,40,Outono,Azul
JaquetaCouro,Jaquetas,366,M,38,Verão,Verde
TênisEsportivo,Sapatos,158,F,40,Primavera,Amarelo
JaquetaCouro,Jaquetas,349,F,44,Primavera,Rosa
JaquetaCouro,Jaquetas,291,M,42,Verão,Rosa
TênisEsportivo,Sapatos,235,M,38,Primavera,Azul
BotasWinter,Sapatos,312,M,38,Primavera,Preto
BermudaMoletom,Bermudas,255,F,38,Verão,Azul
BlusaRegata,Blusas,165,M,40,Verão,Azul
BotasWinter,Sapatos,291,F,42,Inverno,Preto
BermudaMoletom,Bermudas,342,M,44,Primavera,Verde
BermudaMoletom,Bermudas,105,M,44,Inverno,Vermelho
SapatoSocial,Sapatos,307,F,42,Primavera,Vermelho
SapatoSocial,Sapatos,317,M,38,Outono,Preto
TênisEsportivo,Sapatos,345,F,38,Outono,Verde
BermudaMoletom,Bermudas,293,F,38,Inverno,Verde
BlusaRegata,Blusas,277,F,38,Verão,Marrom
BlusaRegata,Blusas,391,M,44,Inverno,Branco
BlusaRegata,Blusas,348,M,40,Verão,Preto
BlusaRegata,Blusas,140,F,40,Verão,Azul
JaquetaCouro,Jaquetas,385,M,38,Primavera,Branco
TênisEsportivo,Sapatos,160,F,40,Primavera,Preto
JaquetaCouro,Jaquetas,181,M,42,Verão,Vermelho
SapatoSocial,Sapatos,239,M,38,Outono,Azul
BlusaRegata,Blusas,129,F,38,Verão,Branco
BermudaMoletom,Bermudas,266,F,42,Primavera,Rosa
BermudaMoletom,Bermudas,301,M,38,Outono,Azul
BermudaMoletom,Bermudas,315,M,40,Primavera,Branco
BlusaRegata,Blusas,237,F,44,Inverno,Verde
TênisEsportivo,Sapatos,144,F,42,Primavera,Amarelo
BlusaRegata,Blusas,300,F,44,Primavera,Vermelho
BlusaRegata,Blusas,204,M,42,Primavera,Branco
JaquetaCouro,Jaquetas,286,F,38,Primavera,Amarelo
BlusaRegata,Blusas,104,M,40,Outono,Amarelo
JaquetaCouro,Jaquetas,146,F,42,Inverno,Azul
BlusaRegata,Blusas,299,F,40,Verão,Preto
BlusaRegata,Blusas,134,M,40,Verão,Rosa
BermudaMoletom,Bermudas,191,M,38,Verão,Preto
JaquetaCouro,Jaquetas,198,F,38,Outono,Verde
TênisEsportivo,Sapatos,220,M,42,Outono,Azul
JaquetaCouro,Jaquetas,167,F,40,Inverno,Marrom
BlusaRegata,Blusas,105,F,44,Inverno,Marrom
JaquetaCouro,Jaquetas,271,M,40,Verão,Preto
BlusaRegata,Blusas,386,F,44,Outono,Azul
BermudaMoletom,Bermudas,262,F,38,Inverno,Azul
TênisEsportivo,Sapatos,382,M,40,Outono,Vermelho
BermudaMoletom,Bermudas,116,F,40,Primavera,Preto
JaquetaCouro,Jaquetas,138,F,44,Primavera,Marrom
BlusaRegata,Blusas,354,M,38,Outono,Rosa
BermudaMoletom,Bermudas,306,F,42,Verão,Preto
JaquetaCouro,Jaquetas,313,F,44,Inverno,Rosa
JaquetaCouro,Jaquetas,116,M,44,Verão,Branco
BlusaRegata,Blusas,167,F,42,Inverno,Preto
SapatoSocial,Sapatos,388,F,40,Outono,Preto
SapatoSocial,Sapatos,147,F,42,Inverno,Branco
TênisEsportivo,Sapatos,257,F,38,Outono,Amarelo
BlusaRegata,Blusas,326,F,38,Verão,Marrom
JaquetaCouro,Jaquetas,252,F,44,Verão,Vermelho
BermudaMoletom,Bermudas,379,F,42,Inverno,Vermelho
BermudaMoletom,Bermudas,102,F,40,Inverno,Verde
BotasWinter,Sapatos,250,F,38,Primavera,Marrom
JaquetaCouro,Jaquetas,342,F,42,Primavera,Rosa
JaquetaCouro,Jaquetas,130,F,42,Outono,Amarelo
BlusaRegata,Blusas,183,M,38,Primavera,Branco
BotasWinter,Sapatos,137,M,40,Outono,Marrom
BermudaMoletom,Bermudas,261,M,40,Outono,Marrom
SapatoSocial,Sapatos,302,M,42,Verão,Vermelho
BlusaRegata,Blusas,291,M,38,Primavera,Preto
BermudaMoletom,Bermudas,390,M,38,Primavera,Rosa
BlusaRegata,Blusas,387,F,44,Verão,Azul
TênisEsportivo,Sapatos,280,M,42,Primavera,Marrom
JaquetaCouro,Jaquetas,109,F,40,Primavera,Branco
BermudaMoletom,Bermudas,249,M,42,Inverno,Branco
BermudaMoletom,Bermudas,133,M,44,Inverno,Verde
BermudaMoletom,Bermudas,269,M,42,Inverno,Marrom
BlusaRegata,Blusas,139,M,40,Inverno,Rosa
BlusaRegata,Blusas,293,M,38,Outono,Branco
BlusaRegata,Blusas,162,F,44,Outono,Azul
BermudaMoletom,Bermudas,399,F,38,Primavera,Azul
BermudaMoletom,Bermudas,228,F,40,Inverno,Amarelo
TênisEsportivo,Sapatos,260,M,42,Inverno,Branco
JaquetaCouro,Jaquetas,341,M,40,Primavera,Amarelo
BlusaRegata,Blusas,262,M,42,Inverno,Azul
JaquetaCouro,Jaquetas,177,M,38,Outono,Rosa
TênisEsportivo,Sapatos,187,M,38,Primavera,Marrom
TênisEsportivo,Sapatos,109,F,44,Inverno,Rosa
BermudaMoletom,Bermudas,234,M,42,Primavera,Rosa
BlusaRegata,Blusas,223,F,44,Inverno,Rosa
BlusaRegata,Blusas,123,F,40,Outono,Marrom
JaquetaCouro,Jaquetas,296,F,42,Outono,Branco
BlusaRegata,Blusas,223,F,44,Primavera,Marrom
JaquetaCouro,Jaquetas,309,F,44,Inverno,Azul
JaquetaCouro,Jaquetas,170,F,42,Verão,Rosa
BermudaMoletom,Bermudas,127,M,44,Verão,Rosa
JaquetaCouro,Jaquetas,296,M,42,Inverno,Amarelo
JaquetaCouro,Jaquetas,250,M,42,Inverno,Branco
BermudaMoletom,Bermudas,260,F,42,Primavera,Amarelo
BermudaMoletom,Bermudas,206,M,38,Outono,Azul
BlusaRegata,Blusas,326,F,40,Verão,Vermelho
JaquetaCouro,Jaquetas,156,M,40,Primavera,Verde
BotasWinter,Sapatos,133,M,40,Verão,Preto
JaquetaCouro,Jaquetas,124,F,42,Verão,Vermelho
BlusaRegata,Blusas,147,M,44,Verão,Branco
SapatoSocial,Sapatos,299,M,40,Primavera,Verde
BlusaRegata,Blusas,106,F,44,Inverno,Azul
JaquetaCouro,Jaquetas,143,M,42,Inverno,Amarelo
BlusaRegata,Blusas,138,M,42,Outono,Marrom
BermudaMoletom,Bermudas,227,M,42,Primavera,Verde
BermudaMoletom,Bermudas,199,M,40,Verão,Verde
BermudaMoletom,Bermudas,291,F,44,Verão,Azul
JaquetaCouro,Jaquetas,197,M,40,Verão,Preto
BotasWinter,Sapatos,312,M,44,Outono,Branco
JaquetaCouro,Jaquetas,331,M,40,Outono,Vermelho
BlusaRegata,Blusas,242,M,38,Verão,Vermelho
BlusaRegata,Blusas,152,M,44,Inverno,Branco
SapatoSocial,Sapatos,323,F,38,Outono,Azul
BermudaMoletom,Bermudas,173,M,38,Inverno,Preto
BermudaMoletom,Bermudas,246,M,42,Primavera,Azul
BlusaRegata,Blusas,143,M,42,Inverno,Preto
BermudaMoletom,Bermudas,356,F,40,Inverno,Branco
SapatoSocial,Sapatos,272,M,42,Inverno,Branco
JaquetaCouro,Jaquetas,105,F,44,Primavera,Verde
JaquetaCouro,Jaquetas,110,F,42,Inverno,Verde
JaquetaCouro,Jaquetas,124,F,42,Inverno,Vermelho
JaquetaCouro,Jaquetas,293,F,44,Inverno,Branco
BermudaMoletom,Bermudas,374,F,42,Inverno,Azul
BlusaRegata,Blusas,308,M,42,Primavera,Branco
BotasWinter,Sapatos,277,F,44,Inverno,Amarelo
BermudaMoletom,Bermudas,215,F,38,Primavera,Preto
JaquetaCouro,Jaquetas,291,F,42,Outono,Azul
BermudaMoletom,Bermudas,174,F,40,Inverno,Rosa
BermudaMoletom,Bermudas,336,F,38,Primavera,Verde
BermudaMoletom,Bermudas,385,M,38,Outono,Azul
JaquetaCouro,Jaquetas,141,F,42,Inverno,Amarelo
JaquetaCouro,Jaquetas,169,F,44,Verão,Rosa
TênisEsportivo,Sapatos,145,F,38,Primavera,Azul
BlusaRegata,Blusas,116,F,38,Inverno,Rosa
SapatoSocial,Sapatos,379,F,42,Verão,Preto
BermudaMoletom,Bermudas,122,M,40,Inverno,Amarelo
BermudaMoletom,Bermudas,289,F,42,Primavera,Rosa
TênisEsportivo,Sapatos,116,F,40,Inverno,Vermelho
BermudaMoletom,Bermudas,103,M,42,Primavera,Marrom
BlusaRegata,Blusas,260,F,38,Primavera,Azul
JaquetaCouro,Jaquetas,330,M,38,Inverno,Verde
BlusaRegata,Blusas,302,M,38,Verão,Branco
BermudaMoletom,Bermudas,129,F,40,Primavera,Rosa
BermudaMoletom,Bermudas,113,F,44,Verão,Preto
BermudaMoletom,Bermudas,122,M,40,Verão,Marrom
JaquetaCouro,Jaquetas,193,M,42,Outono,Vermelho
JaquetaCouro,Jaquetas,236,F,44,Inverno,Preto
BlusaRegata,Blusas,105,M,42,Verão,Marrom
BermudaMoletom,Bermudas,110,F,40,Primavera,Amarelo
BlusaRegata,Blusas,181,M,42,Primavera,Branco
SapatoSocial,Sapatos,257,M,40,Primavera,Vermelho
BermudaMoletom,Bermudas,359,F,40,Outono,Branco
BermudaMoletom,Bermudas,137,F,38,Inverno,Verde
BlusaRegata,Blusas,165,F,38,Verão,Rosa
BotasWinter,Sapatos,168,M,38,Inverno,Azul
JaquetaCouro,Jaquetas,374,M,38,Inverno,Verde
BlusaRegata,Blusas,261,M,38,Primavera,Branco
BotasWinter,Sapatos,350,F,42,Primavera,Vermelho
JaquetaCouro,Jaquetas,189,F,42,Primavera,Preto
JaquetaCouro,Jaquetas,245,M,40,Inverno,Azul
BotasWinter,Sapatos,392,F,44,Verão,Verde
TênisEsportivo,Sapatos,150,M,40,Verão,Verde
JaquetaCouro,Jaquetas,182,M,40,Primavera,Rosa
JaquetaCouro,Jaquetas,238,F,40,Outono,Verde
BermudaMoletom,Bermudas,296,M,40,Outono,Azul
BermudaMoletom,Bermudas,318,F,44,Outono,Preto
BlusaRegata,Blusas,337,M,38,Inverno,Preto
BermudaMoletom,Bermudas,263,M,42,Outono,Preto
SapatoSocial,Sapatos,285,M,40,Inverno,Azul
BlusaRegata,Blusas,128,M,44,Primavera,Amarelo
SapatoSocial,Sapatos,318,M,40,Primavera,Azul
TênisEsportivo,Sapatos,295,M,38,Inverno,Verde
BlusaRegata,Blusas,321,M,42,Primavera,Amarelo
JaquetaCouro,Jaquetas,343,F,38,Inverno,Rosa
TênisEsportivo,Sapatos,223,F,40,Outono,Amarelo
BlusaRegata,Blusas,226,F,44,Outono,Branco
TênisEsportivo,Sapatos,349,M,40,Outono,Branco
BermudaMoletom,Bermudas,211,F,42,Outono,Rosa
BermudaMoletom,Bermudas,182,M,38,Inverno,Vermelho
JaquetaCouro,Jaquetas,346,M,38,Verão,Verde
BotasWinter,Sapatos,311,F,38,Primavera,Azul
TênisEsportivo,Sapatos,281,M,38,Outono,Branco
BlusaRegata,Blusas,190,F,38,Verão,Rosa
JaquetaCouro,Jaquetas,191,F,38,Inverno,Marrom
BlusaRegata,Blusas,133,M,44,Outono,Azul
BlusaRegata,Blusas,389,F,44,Inverno,Azul
JaquetaCouro,Jaquetas,249,F,40,Inverno,Vermelho
SapatoSocial,Sapatos,220,F,40,Verão,Amarelo
BlusaRegata,Blusas,322,M,38,Inverno,Verde
BermudaMoletom,Bermudas,275,M,42,Primavera,Preto
JaquetaCouro,Jaquetas,330,F,38,Inverno,Verde
BermudaMoletom,Bermudas,346,M,42,Primavera,Branco
BermudaMoletom,Bermudas,340,M,42,Outono,Branco
JaquetaCouro,Jaquetas,144,M,42,Outono,Azul
BotasWinter,Sapatos,368,F,40,Inverno,Branco
BlusaRegata,Blusas,112,F,40,Verão,Branco
BlusaRegata,Blusas,261,F,40,Verão,Branco
TênisEsportivo,Sapatos,227,F,44,Inverno,Branco
SapatoSocial,Sapatos,304,M,38,Primavera,Azul
BlusaRegata,Blusas,101,F,38,Verão,Verde
BlusaRegata,Blusas,105,F,38,Verão,Marrom
BermudaMoletom,Bermudas,278,F,44,Outono,Verde
SapatoSocial,Sapatos,182,M,42,Primavera,Rosa
JaquetaCouro,Jaquetas,170,F,44,Verão,Verde
BermudaMoletom,Bermudas,184,F,42,Verão,Preto
BotasWinter,Sapatos,187,F,40,Inverno,Marrom
BlusaRegata,Blusas,204,M,42,Primavera,Marrom
BermudaMoletom,Bermudas,391,M,42,Primavera,Vermelho
BlusaRegata,Blusas,334,M,40,Verão,Branco
BotasWinter,Sapatos,187,M,42,Outono,Azul
JaquetaCouro,Jaquetas,330,M,42,Verão,Amarelo
BlusaRegata,Blusas,175,M,38,Verão,Marrom
BlusaRegata,Blusas,242,F,40,Inverno,Branco
TênisEsportivo,Sapatos,306,F,40,Outono,Amarelo
BermudaMoletom,Bermudas,151,M,40,Inverno,Rosa
JaquetaCouro,Jaquetas,283,M,40,Inverno,Verde
JaquetaCouro,Jaquetas,118,F,40,Inverno,Preto
JaquetaCouro,Jaquetas,293,M,44,Inverno,Rosa
BlusaRegata,Blusas,228,F,42,Outono,Vermelho
BlusaRegata,Blusas,355,M,44,Outono,Azul
BermudaMoletom,Bermudas,254,M,42,Primavera,Branco
BermudaMoletom,Bermudas,360,M,40,Primavera,Marrom
BermudaMoletom,Bermudas,314,F,44,Verão,Marrom
JaquetaCouro,Jaquetas,350,F,42,Inverno,Preto
TênisEsportivo,Sapatos,117,M,42,Inverno,Preto
SapatoSocial,Sapatos,324,M,40,Inverno,Preto
SapatoSocial,Sapatos,194,M,40,Verão,Rosa
BermudaMoletom,Bermudas,325,F,40,Verão,Azul
BlusaRegata,Blusas,370,F,42,Outono,Verde
TênisEsportivo,Sapatos,213,F,42,Verão,Marrom
BermudaMoletom,Bermudas,293,F,42,Verão,Branco
BlusaRegata,Blusas,301,F,42,Inverno,Branco
BlusaRegata,Blusas,274,M,38,Verão,Verde
BlusaRegata,Blusas,108,F,40,Primavera,Preto
JaquetaCouro,Jaquetas,102,F,44,Inverno,Verde
BlusaRegata,Blusas,324,F,40,Verão,Marrom
BlusaRegata,Blusas,369,M,42,Inverno,Preto
JaquetaCouro,Jaquetas,335,M,44,Primavera,Marrom
JaquetaCouro,Jaquetas,260,M,40,Primavera,Rosa
BlusaRegata,Blusas,385,M,42,Primavera,Branco
BermudaMoletom,Bermudas,347,F,44,Primavera,Amarelo
BlusaRegata,Blusas,301,F,42,Primavera,Preto
BlusaRegata,Blusas,248,M,44,Outono,Azul
SapatoSocial,Sapatos,356,F,42,Inverno,Azul
TênisEsportivo,Sapatos,145,M,38,Verão,Rosa
JaquetaCouro,Jaquetas,196,F,44,Primavera,Preto
BlusaRegata,Blusas,188,F,38,Primavera,Rosa
TênisEsportivo,Sapatos,383,F,44,Primavera,Marrom
BermudaMoletom,Bermudas,364,M,44,Outono,Preto
BermudaMoletom,Bermudas,306,F,44,Verão,Marrom
BlusaRegata,Blusas,360,M,44,Primavera,Marrom
BlusaRegata,Blusas,360,F,42,Primavera,Verde
BermudaMoletom,Bermudas,143,M,40,Primavera,Amarelo
BermudaMoletom,Bermudas,377,F,38,Verão,Vermelho
BlusaRegata,Blusas,301,F,42,Verão,Preto
JaquetaCouro,Jaquetas,273,M,38,Inverno,Marrom
BlusaRegata,Blusas,343,M,40,Outono,Amarelo
BlusaRegata,Blusas,170,M,44,Verão,Verde
BotasWinter,Sapatos,162,M,42,Verão,Preto
TênisEsportivo,Sapatos,180,M,42,Outono,Azul
BermudaMoletom,Bermudas,286,F,44,Outono,Marrom
BotasWinter,Sapatos,274,M,40,Outono,Preto
BotasWinter,Sapatos,338,M,42,Primavera,Verde
BlusaRegata,Blusas,284,M,40,Inverno,Marrom
JaquetaCouro,Jaquetas,239,F,42,Inverno,Vermelho
BermudaMoletom,Bermudas,122,M,42,Verão,Amarelo
BotasWinter,Sapatos,285,F,44,Inverno,Rosa
JaquetaCouro,Jaquetas,200,M,38,Primavera,Vermelho
JaquetaCouro,Jaquetas,108,F,40,Primavera,Amarelo
BlusaRegata,Blusas,231,F,40,Primavera,Amarelo
BermudaMoletom,Bermudas,152,M,38,Verão,Branco
JaquetaCouro,Jaquetas,203,M,44,Primavera,Amarelo
BlusaRegata,Blusas,342,M,42,Outono,Rosa
JaquetaCouro,Jaquetas,321,F,40,Primavera,Branco
JaquetaCouro,Jaquetas,342,M,44,Primavera,Marrom
BermudaMoletom,Bermudas,107,F,44,Verão,Amarelo
SapatoSocial,Sapatos,232,M,38,Verão,Verde
JaquetaCouro,Jaquetas,105,M,44,Inverno,Verde
BlusaRegata,Blusas,278,M,38,Inverno,Preto
BermudaMoletom,Bermudas,289,M,44,Primavera,Azul
SapatoSocial,Sapatos,271,M,42,Primavera,Verde
TênisEsportivo,Sapatos,333,F,42,Outono,Marrom
BlusaRegata,Blusas,138,M,40,Outono,Marrom
TênisEsportivo,Sapatos,337,F,44,Primavera,Marrom
BlusaRegata,Blusas,399,F,38,Inverno,Marrom
JaquetaCouro,Jaquetas,396,F,44,Outono,Marrom
BermudaMoletom,Bermudas,197,M,38,Inverno,Rosa
